word,wordFreq,letterFreqSum,letterPosFreqSum
CIGAR,3993843.0,3327,840
REBUT,235254.0,3602,737
SISSY,1410911.0,1762,1181
HUMPH,60767.0,1534,502
AWAKE,3230337.0,2609,967
BLUSH,1722003.0,2517,846
FOCAL,5844761.0,3148,787
EVADE,605626.0,2750,884
NAVAL,8091649.0,2416,707
SERVE,36697856.0,2947,1236
HEATH,6139151.0,3321,892
DWARF,3072068.0,2688,637
MODEL,161205740.0,3408,934
KARMA,6862407.0,2398,618
STINK,872742.0,2850,1003
GRADE,54275130.0,3805,1179
QUIET,16746894.0,3124,1045
BENCH,8992211.0,2945,838
ABATE,470646.0,3214,1023
FEIGN,116753.0,3012,848
MAJOR,122592252.0,2968,758
DEATH,83216831.0,3714,934
FRESH,38781893.0,3411,887
CRUST,2267452.0,3235,1054
STOOL,3031945.0,2866,972
COLON,5494297.0,2517,851
ABASE,29383.0,3153,1055
MARRY,4388137.0,2612,1088
REACT,4126376.0,4306,1055
BATTY,416010.0,2408,1091
PRIDE,14428078.0,3555,1165
FLOSS,1013783.0,2366,785
HELIX,2921411.0,3040,588
CROAK,169181.0,3310,983
STAFF,151553180.0,2601,809
PAPER,134939426.0,3467,1032
UNFED,20266.0,2891,581
WHELP,70407.0,2892,621
TRAWL,553588.0,3511,902
OUTDO,146433.0,2341,464
ADOBE,27538755.0,3631,849
CRAZY,23032837.0,2811,1155
SOWER,137381.0,3742,1200
REPAY,1746487.0,3891,929
DIGIT,6991045.0,2102,790
CRATE,2336818.0,4306,1332
CLUCK,134048.0,1867,826
SPIKE,4833410.0,3143,1169
MIMIC,1187154.0,1461,558
POUND,13620117.0,2550,885
MAXIM,3820484.0,1998,623
LINEN,4960413.0,3189,873
UNMET,590631.0,3314,752
FLESH,6768724.0,3230,820
BOOBY,379438.0,1457,1083
FORTH,20149609.0,2995,853
FIRST,578161543.0,3193,923
STAND,46292709.0,3338,1048
BELLY,7346354.0,2650,1052
IVORY,7146685.0,2896,806
SEEDY,284954.0,2715,1216
PRINT,178250872.0,3234,1109
YEARN,300957.0,4099,833
DRAIN,6411642.0,3508,972
BRIBE,646492.0,3077,1152
STOUT,1939514.0,2616,1020
PANEL,53784382.0,3859,1055
CRASS,408565.0,3015,978
FLUME,173970.0,2957,990
OFFAL,194416.0,2673,391
AGREE,47500911.0,3412,1054
ERROR,89396475.0,2880,846
SWIRL,1251090.0,3145,980
ARGUE,8353605.0,3878,978
BLEED,1989071.0,2619,986
DELTA,28051872.0,4043,666
FLICK,2226500.0,2300,864
TOTEM,955271.0,3028,899
WOOER,0.0,3074,1134
FRONT,100886343.0,3181,1080
SHRUB,1458217.0,2698,765
PARRY,1371591.0,2661,1122
BIOME,174268.0,3249,1107
LAPEL,1119712.0,3286,921
START,161913408.0,3269,1151
GREET,1784219.0,3166,1130
GONER,80810.0,3763,1061
GOLEM,444797.0,3325,866
LUSTY,702157.0,3003,855
LOOPY,263368.0,2258,1023
ROUND,61836702.0,3082,849
AUDIT,20786243.0,3233,811
LYING,8260845.0,2693,598
GAMMA,35426622.0,1601,611
LABOR,37866418.0,3621,791
ISLET,488105.0,4013,733
CIVIC,10283668.0,1297,637
FORGE,5226805.0,3419,1075
CORNY,378659.0,3122,1186
MOULT,75151.0,2980,966
BASIC,84840226.0,3068,746
SALAD,8923706.0,2752,1061
AGATE,900451.0,3244,1018
SPICY,3170817.0,2602,1206
SPRAY,15148133.0,3329,1115
ESSAY,11750312.0,3297,694
FJORD,387543.0,2299,648
SPEND,26713310.0,3229,903
KEBAB,248067.0,2695,490
GUILD,7923630.0,2555,846
ABACK,272920.0,1940,725
MOTOR,40615655.0,2695,841
ALONE,39326417.0,4247,1187
HATCH,3896261.0,2566,771
HYPER,3153749.0,3303,678
THUMB,7284386.0,2178,537
DOWRY,275011.0,2661,930
OUGHT,7523238.0,2645,574
BELCH,115135.0,3088,813
DUTCH,19000979.0,2450,694
PILOT,21909830.0,3233,839
TWEED,1631867.0,2546,806
COMET,3116034.0,3503,1109
JAUNT,180434.0,2770,924
ENEMA,1329511.0,3094,467
STEED,701658.0,3020,1055
ABYSS,1152408.0,2347,392
GROWL,461820.0,2870,805
FLING,682999.0,2498,824
DOZEN,9776227.0,2989,849
BOOZY,71828.0,1497,1079
ERODE,774411.0,3273,1073
WORLD,431934249.0,2953,804
GOUGE,240551.0,2759,1057
CLICK,536746424.0,2071,927
BRIAR,630788.0,2822,1080
GREAT,301487430.0,4141,974
ALTAR,2627835.0,3317,825
PULPY,41088.0,1971,852
BLURT,86781.0,3088,941
COAST,47716394.0,3600,1207
DUCHY,339003.0,2145,744
GROIN,784476.0,3203,913
FIXER,554896.0,3063,878
GROUP,321842984.0,2791,763
ROGUE,4576302.0,3656,955
BADLY,5290145.0,2788,1078
SMART,36636558.0,3585,1112
PITHY,194285.0,2575,845
GAUDY,248813.0,2568,1017
CHILL,4489643.0,2248,925
HERON,1576813.0,3840,735
VODKA,2155662.0,2483,515
FINER,1455912.0,3599,1003
SURER,73497.0,3261,1243
RADIO,113285624.0,3688,700
ROUGE,6084449.0,3656,1047
PERCH,1235177.0,3354,832
RETCH,37821.0,3718,744
WROTE,56421594.0,3803,1153
CLOCK,26624872.0,2154,904
TILDE,344748.0,3738,953
STORE,291308910.0,4277,1257
PROVE,16046788.0,3397,1118
BRING,57608074.0,2730,929
SOLVE,13452150.0,3519,1223
CHEAT,9903572.0,3796,934
GRIME,514156.0,3423,1138
EXULT,151420.0,3178,666
USHER,4948609.0,3648,588
EPOCH,1680235.0,3210,663
TRIAD,1519533.0,3664,962
BREAK,51242970.0,3592,892
RHINO,2619135.0,3280,755
VIRAL,5969493.0,3410,724
CONIC,216832.0,2471,803
MASSE,515818.0,3189,1084
SONIC,7298920.0,3139,970
VITAL,14166642.0,3242,672
TRACE,11697252.0,4306,1294
USING,269448880.0,2687,538
PEACH,3938068.0,3432,975
CHAMP,2867858.0,2518,772
BATON,4229776.0,3310,850
BRAKE,9321885.0,3592,1223
PLUCK,891481.0,2232,769
CRAZE,962477.0,3617,1213
GRIPE,545043.0,3472,1120
WEARY,1632945.0,3720,1143
PICKY,711200.0,2144,817
ACUTE,11128841.0,3875,906
FERRY,9208954.0,2780,1053
ASIDE,11768649.0,3936,913
TAPIR,86809.0,3636,880
TROLL,2079165.0,3095,976
UNIFY,631185.0,2362,785
REBUS,227042.0,3541,520
BOOST,13675076.0,2430,1119
TRUSS,1484384.0,2760,788
SIEGE,2518421.0,2878,1241
TIGER,13763074.0,3836,947
BANAL,260129.0,2544,931
SLUMP,878659.0,2531,854
CRANK,2185208.0,3130,1066
GORGE,1950264.0,3190,1055
QUERY,31284313.0,3046,899
DRINK,29254937.0,2743,939
FAVOR,11867822.0,3006,832
ABBEY,4224864.0,2909,894
TANGY,333638.0,3011,1030
PANIC,6396440.0,3058,771
SOLAR,20423792.0,4009,1130
SHIRE,2665081.0,3852,1347
PROXY,10773043.0,2476,1018
POINT,175527859.0,3090,1121
ROBOT,12656312.0,2659,825
PRICK,891337.0,2617,937
WINCE,717079.0,3142,992
CRIMP,640746.0,2723,855
KNOLL,965905.0,2252,667
SUGAR,22450333.0,3316,991
WHACK,725891.0,2241,795
MOUNT,36648260.0,2837,986
PERKY,1360009.0,3126,964
COULD,302311431.0,2803,922
WRUNG,121159.0,2440,737
LIGHT,126699632.0,2812,636
THOSE,270014141.0,3767,1129
MOIST,2140516.0,3136,1076
SHARD,287428.0,3320,1083
PLEAT,266830.0,4015,933
ALOFT,497342.0,3402,871
SKILL,15835076.0,2264,958
ELDER,7299470.0,3236,877
FRAME,46079991.0,3647,1198
HUMOR,18085495.0,2819,659
PAUSE,4606318.0,3704,1203
ULCER,1336605.0,3784,819
ULTRA,21795075.0,3783,557
ROBIN,11423944.0,3173,728
CYNIC,525906.0,2142,546
AROMA,2018777.0,2941,781
CAULK,245944.0,2842,942
SHAKE,6839319.0,3470,1292
DODGE,14768509.0,2686,963
SWILL,92032.0,2248,992
TACIT,594255.0,2849,920
OTHER,978481319.0,3996,657
THORN,1421673.0,3339,816
TROVE,702353.0,3761,1126
BLOKE,766763.0,3189,1093
VIVID,4479514.0,1215,569
SPILL,3890646.0,2419,1009
CHANT,1374428.0,3139,1083
CHOKE,1448146.0,3055,1062
RUPEE,2831536.0,2958,1087
NASTY,7434847.0,3369,924
MOURN,779010.0,3005,831
AHEAD,28375319.0,2985,741
BRINE,816003.0,3650,1310
CLOTH,9764137.0,3060,917
HOARD,433375.0,3405,922
SWEET,32311923.0,2821,1157
MONTH,123027963.0,2758,799
LAPSE,1459542.0,3954,1041
WATCH,92006970.0,2760,784
TODAY,239271204.0,3274,1029
FOCUS,65626732.0,2591,588
SMELT,301053.0,3659,995
TEASE,2019275.0,3602,1289
CATER,2092828.0,4306,1143
MOVIE,158421100.0,3121,1015
SAUTE,546457.0,4068,1395
ALLOW,67052567.0,2638,601
RENEW,6561081.0,2894,818
THEIR,782849411.0,3913,840
SLOSH,51634.0,2524,1116
PURGE,1366135.0,3268,987
CHEST,13516414.0,3489,943
DEPOT,9688338.0,3470,794
EPOXY,1908076.0,2809,743
NYMPH,697326.0,2065,307
FOUND,232005894.0,2414,879
SHALL,191963867.0,2746,1132
STOVE,3914849.0,3532,1152
LOWLY,543486.0,2087,918
SNOUT,258314.0,3189,1030
TROPE,109419.0,3974,1131
FEWER,10792786.0,2550,932
SHAWL,1011728.0,2940,995
NATAL,3010028.0,2993,769
COMMA,2711522.0,2519,669
FORAY,499808.0,3278,1103
SCARE,2972708.0,4245,1283
STAIR,2012524.0,3939,1118
BLACK,244690155.0,2656,942
SQUAD,8744772.0,2531,815
ROYAL,45407189.0,3765,730
CHUNK,2371231.0,2111,802
MINCE,328039.0,3264,1017
SHAME,6785296.0,3576,1305
CHEEK,2681029.0,2302,950
AMPLE,3187842.0,3602,819
FLAIR,1924190.0,3487,1011
FOYER,1042532.0,3533,973
CARGO,9748668.0,3410,799
OXIDE,5321340.0,3083,812
PLANT,53247607.0,3358,1082
OLIVE,9298184.0,3521,974
INERT,935898.0,4099,701
ASKEW,473664.0,3277,503
HEIST,419629.0,3684,1000
SHOWN,68755779.0,2575,907
ZESTY,210124.0,3091,827
TRASH,7092806.0,3656,1030
LARVA,462298.0,2740,662
FORGO,340426.0,2189,711
STORY,138433809.0,3471,1199
HAIRY,19060619.0,3353,1153
TRAIN,31816971.0,3844,1010
HOMER,4281428.0,3583,939
BADGE,6145138.0,3188,1050
MIDST,3381410.0,2776,807
CANNY,209480.0,2447,1185
FETUS,1744267.0,3322,605
BUTCH,1213820.0,2337,756
FARCE,727546.0,3806,1174
SLUNG,253265.0,2733,953
TIPSY,279464.0,2856,942
METAL,56181783.0,3966,776
YIELD,15022494.0,3433,664
DELVE,640909.0,2491,931
BEING,242783091.0,3063,903
SCOUR,411478.0,3259,942
GLASS,63559754.0,2669,828
GAMER,3144985.0,3728,1010
SCRAP,3757085.0,3380,786
MONEY,190205072.0,3296,1205
HINGE,1758893.0,3170,905
ALBUM,77914316.0,2753,520
VOUCH,388963.0,2233,774
ASSET,18178753.0,3602,807
TIARA,923335.0,3271,869
CREPT,588735.0,3696,945
BAYOU,1397958.0,2898,639
ATOLL,908471.0,3173,777
MANOR,7084688.0,3514,892
CREAK,124122.0,3787,917
SHOWY,294798.0,2426,1141
PHASE,40722940.0,3625,1184
FROTH,278469.0,2995,921
DEPTH,31879926.0,3104,685
GLOOM,878018.0,2095,732
FLOOD,13979267.0,2091,828
TRAIT,1705417.0,3271,1133
GIRTH,492919.0,2993,755
PIETY,595389.0,3418,1022
GOOSE,3739382.0,2961,1230
FLOAT,8808655.0,3402,993
DONOR,7096675.0,2616,871
ATONE,152901.0,4260,1064
PRIMO,912120.0,3001,800
APRON,1617357.0,3563,626
BLOWN,4229918.0,2516,771
CACAO,331714.0,2203,778
LOSER,2529180.0,4264,976
INPUT,57191675.0,2803,513
GLOAT,113594.0,3483,973
AWFUL,5217370.0,2580,446
BRINK,1484879.0,2630,1001
SMITE,270393.0,3613,1230
BEADY,87974.0,3302,1153
RUSTY,2780895.0,3184,873
RETRO,8000179.0,3609,665
DROLL,196087.0,2759,938
GAWKY,31136.0,2113,864
HUTCH,1373107.0,2057,652
PINTO,1108872.0,3090,676
EGRET,394773.0,3166,817
LILAC,1738684.0,2836,593
SEVER,686306.0,2947,1185
FIELD,135289140.0,3238,793
FLUFF,814535.0,1411,561
FLACK,408860.0,2605,904
AGAPE,414471.0,2880,929
VOICE,64600528.0,3280,1160
STEAD,724786.0,3995,899
STALK,936028.0,3298,1023
BERTH,1056010.0,3523,853
MADAM,2023575.0,1684,690
NIGHT,130531484.0,2669,586
BLAND,1606490.0,2937,979
LIVER,12139363.0,3665,867
WEDGE,3162851.0,2127,896
AUGUR,120764.0,2648,686
ROOMY,574188.0,2390,1059
WACKY,1861879.0,2278,861
FLOCK,2585098.0,2383,841
ANGRY,9267505.0,3179,808
TRITE,287494.0,3526,1243
APHID,295138.0,2790,486
TRYST,205722.0,2718,869
MIDGE,308737.0,2919,881
POWER,226596368.0,3439,976
ELOPE,74984.0,3064,987
CINCH,427247.0,2105,823
MOTTO,1894147.0,1798,694
STOMP,1168038.0,2831,809
UPSET,5544484.0,3458,745
BLUFF,3906671.0,1691,599
CRAMP,402123.0,3028,895
QUART,2002127.0,3096,917
COYLY,52174.0,2368,1032
YOUTH,51426255.0,2759,726
RHYME,1530733.0,3254,768
BUGGY,1955438.0,1480,865
ALIEN,10490554.0,4164,1054
SMEAR,1289528.0,4086,954
UNFIT,814145.0,2667,556
PATTY,2339693.0,2493,1059
CLING,946281.0,2744,887
GLEAN,232952.0,3804,784
LABEL,41359857.0,3201,920
HUNKY,279599.0,2060,810
KHAKI,1481504.0,2242,536
POKER,129054826.0,3455,962
GRUEL,82196.0,3619,1020
TWICE,19945569.0,3298,1031
TWANG,243118.0,2781,722
SHRUG,720506.0,2728,795
TREAT,19442315.0,3831,1008
WASTE,41089558.0,3796,1027
MERIT,6450895.0,3842,922
WOVEN,4248524.0,2902,858
NEEDY,1636137.0,2620,888
CLOWN,3081501.0,2711,796
WIDOW,3804620.0,2010,507
IRONY,2212193.0,3317,1090
RUDER,89666.0,2986,895
GAUZE,556178.0,3021,1026
CHIEF,45699591.0,2991,952
ONSET,3858839.0,3953,779
PRIZE,16204739.0,3202,1116
FUNGI,2000715.0,2248,544
CHARM,10554644.0,3050,840
GULLY,800734.0,1916,938
INTER,15269346.0,4099,762
WHOOP,331753.0,1699,657
TAUNT,295148.0,2743,1053
LEERY,168700.0,3267,1019
CLASS,191087771.0,2834,911
THEME,37219937.0,2662,960
LOFTY,1018661.0,2851,894
TIBIA,620778.0,2654,627
BOOZE,1178694.0,2303,1137
ALPHA,27832836.0,2443,488
THYME,1007823.0,3086,812
DOUBT,20311261.0,2621,832
PARER,38034.0,3467,1138
CHUTE,834005.0,3287,1068
STICK,22399126.0,2752,971
TRICE,354532.0,4001,1254
ALIKE,6220739.0,3801,1083
RECAP,2861982.0,3942,620
SAINT,38929141.0,3615,1370
GLORY,13158826.0,3100,1072
GRATE,672155.0,4141,1249
ADMIT,8780656.0,3083,632
BRISK,774000.0,2725,990
SOGGY,331525.0,2155,1151
USURP,171456.0,2396,420
SCALD,101839.0,3227,991
SCORN,622924.0,3366,928
LEAVE,70957750.0,3073,1101
TWINE,415457.0,3396,1063
STING,2773263.0,2950,931
BOUGH,520067.0,2196,830
MARSH,5073104.0,3243,882
SLOTH,519428.0,3253,1084
DANDY,1098188.0,2365,985
VIGOR,977544.0,2782,655
HOWDY,726642.0,2151,807
ENJOY,50141455.0,3007,658
VALID,57094711.0,2906,735
IONIC,1808092.0,2471,639
EQUAL,34832354.0,3416,559
FLOOR,53759851.0,2595,922
CATCH,20400979.0,2566,900
SPADE,1567565.0,3631,1223
STEIN,3893544.0,3870,907
EXIST,25349128.0,3334,776
QUIRK,444069.0,2272,737
DENIM,4737554.0,3182,689
GROVE,15189493.0,3342,1092
SPIEL,811922.0,3649,1165
MUMMY,1878933.0,1206,785
FAULT,13112664.0,3115,1019
FOGGY,704386.0,1716,921
FLOUT,72396.0,2893,913
CARRY,33056477.0,2771,1179
SNEAK,2280877.0,3656,904
LIBEL,866830.0,2896,817
WALTZ,1723021.0,2654,641
APTLY,598371.0,3209,838
PINEY,394672.0,3262,1161
INEPT,458533.0,3567,601
ALOUD,3743858.0,3303,783
PHOTO,227125249.0,2234,725
DREAM,33518573.0,3811,759
STALE,1065657.0,4318,1332
UNITE,2888724.0,3668,947
SNARL,184639.0,3829,1063
BAKER,14862470.0,3592,1019
THERE,701170205.0,3243,1042
GLYPH,632257.0,2202,531
POOCH,348386.0,1980,950
HIPPY,608617.0,1846,741
SPELL,8506049.0,2979,920
FOLLY,1367992.0,2122,1052
LOUSE,178544.0,3833,1124
GULCH,647573.0,2354,699
VAULT,5408483.0,3038,927
GODLY,725475.0,2596,995
THREW,4410853.0,3437,791
FLEET,10364423.0,2904,1083
GRAVE,6929008.0,3564,1155
INANE,319343.0,3448,1031
SHOCK,14850388.0,2493,1015
CRAVE,1199466.0,3729,1238
SPITE,4493143.0,3662,1253
VALVE,11325360.0,3073,926
SKIMP,107336.0,2229,765
CLAIM,40085342.0,3152,904
RAINY,2469088.0,3539,1221
MUSTY,237343.0,2603,875
PIQUE,664313.0,2760,847
DADDY,9211193.0,1792,923
QUASI,2804115.0,2808,696
ARISE,8337093.0,4440,1266
AGING,12014007.0,2528,640
VALET,2052690.0,3802,1030
OPIUM,1330299.0,2570,492
AVERT,767435.0,3983,735
STUCK,9120620.0,2548,870
RECUT,146984.0,3797,737
MULCH,833160.0,2360,691
GENRE,22344091.0,3010,1065
PLUME,1269109.0,3093,996
RIFLE,5047417.0,3742,915
COUNT,40345803.0,2996,1077
INCUR,1984112.0,3081,471
TOTAL,222649459.0,3173,856
WREST,185267.0,3718,950
MOCHA,933522.0,2906,533
DETER,1887521.0,3249,993
STUDY,152978354.0,2680,1040
LOVER,9234545.0,3748,945
SAFER,5085040.0,3999,1224
RIVET,616847.0,3678,926
FUNNY,34281806.0,1692,1003
SMOKE,16567733.0,3177,1123
MOUND,2259654.0,2501,851
UNDUE,1377567.0,2662,699
SEDAN,4769270.0,3839,973
PAGAN,3805644.0,2223,804
SWINE,1578713.0,3335,1279
GUILE,1026260.0,3392,1150
GUSTY,202515.0,2597,883
EQUIP,4044391.0,2760,456
TOUGH,13560922.0,2645,806
CANOE,3790795.0,4006,1193
CHAOS,8690268.0,3258,816
COVET,219812.0,3339,1097
HUMAN,160573748.0,2717,607
UDDER,175766.0,2986,658
LUNCH,20807419.0,2617,696
BLAST,9387171.0,3368,1103
STRAY,1807545.0,3693,1131
MANGA,12774174.0,2174,687
MELEE,1034523.0,2262,1200
LEFTY,978333.0,3328,856
QUICK,85584600.0,1850,737
PASTE,8913055.0,3967,1086
GIVEN,125542966.0,2935,813
OCTET,2280607.0,3187,763
RISEN,2619862.0,4038,834
GROAN,473578.0,3508,917
LEAKY,650957.0,3555,1053
GRIND,2482307.0,2843,948
CARVE,952422.0,3729,1132
LOOSE,12556710.0,3367,1202
SADLY,3905175.0,3176,1270
SPILT,214786.0,3148,1107
APPLE,50551171.0,3286,842
SLACK,1954286.0,3044,1134
HONEY,9978043.0,3367,1167
FINAL,97649084.0,3163,790
SHEEN,1124463.0,2858,1134
EERIE,772484.0,2797,1056
MINTY,218953.0,2712,948
SLICK,2372634.0,2739,1094
DERBY,6319608.0,3224,903
WHARF,2226856.0,2682,708
SPELT,431427.0,3708,1018
COACH,24514961.0,2590,1070
ERUPT,300083.0,3687,807
SINGE,106880.0,3451,1201
PRICE,501651226.0,3637,1246
SPAWN,1908837.0,2775,887
FAIRY,6435300.0,3195,1219
JIFFY,475865.0,1350,645
FILMY,657205.0,2355,880
STACK,11090579.0,3057,1011
CHOSE,9409845.0,3513,1178
SLEEP,29491537.0,2979,1116
ARDOR,155258.0,3018,826
NANNY,3025474.0,1972,1024
NIECE,1151039.0,2948,987
WOOZY,72439.0,1411,988
HANDY,7936655.0,2752,943
GRACE,17642126.0,3887,1260
DITTO,1386002.0,2545,620
STANK,100733.0,3155,1043
CREAM,25898758.0,3893,846
USUAL,17044981.0,2825,531
DIODE,1897828.0,3046,1046
VALOR,1193133.0,3493,803
ANGLE,17016075.0,3804,878
NINJA,4439780.0,2245,440
MUDDY,1860188.0,1599,800
CHASE,10971945.0,3735,1241
REPLY,184777992.0,3632,929
PRONE,3001079.0,3818,1255
SPOIL,1419320.0,3172,982
HEART,90249265.0,4218,1019
SHADE,6996835.0,3653,1306
DINER,2261961.0,3763,979
ARSON,989351.0,3866,749
ONION,6384730.0,1996,656
SLEET,305148.0,3343,1313
DOWEL,285802.0,3286,889
COUCH,4581367.0,2081,929
PALSY,1409502.0,3148,1092
BOWEL,2666510.0,3173,951
SMILE,13893537.0,3600,1253
EVOKE,804417.0,2345,807
CREEK,38159464.0,2812,1073
LANCE,5509634.0,3969,1100
EAGLE,16785232.0,3231,1027
IDIOT,4635830.0,2545,705
SIREN,1354779.0,4038,1177
BUILT,61502894.0,2861,1039
EMBED,1217930.0,2219,602
AWARD,59652161.0,2459,758
DROSS,154345.0,2711,828
ANNUL,146490.0,2730,601
GOODY,733518.0,1880,1070
FROWN,742356.0,2646,800
PATIO,7627536.0,3492,772
LADEN,5964620.0,3887,914
HUMID,1026485.0,2232,591
ELITE,12673836.0,3345,1099
LYMPH,1781845.0,2208,357
EDIFY,69341.0,2946,757
MIGHT,123196001.0,2412,656
RESET,10021033.0,3524,997
VISIT,187062316.0,2219,735
GUSTO,512932.0,2926,577
PURSE,5488891.0,3626,1082
VAPOR,3744912.0,3142,748
CROCK,918524.0,2335,971
WRITE,126645151.0,3720,1176
SUNNY,9497382.0,2131,1233
LOATH,151677.0,3560,948
CHAFF,294863.0,2066,709
SLIDE,22339084.0,3677,1322
QUEER,2717979.0,2622,915
VENOM,1883158.0,3024,595
STAMP,9760468.0,3053,872
SORRY,35595812.0,2742,1321
STILL,190433487.0,2783,1025
ACORN,1825652.0,3673,703
APING,42534.0,2893,690
PUSHY,255990.0,2310,798
TAMER,355602.0,4147,1044
HATER,467834.0,4218,1014
MANIA,3688699.0,2534,769
AWOKE,688520.0,3362,904
BRAWN,191036.0,2919,901
SWIFT,5850031.0,2490,963
EXILE,2801261.0,2653,936
BIRCH,2936180.0,2709,824
LUCKY,14053901.0,2291,747
FREER,534734.0,2356,1109
RISKY,2412508.0,2869,805
GHOST,14490042.0,2847,926
PLIER,260940.0,3878,1137
LUNAR,3611744.0,3627,783
WINCH,1016374.0,2299,707
SNARE,1311615.0,4343,1330
NURSE,16772151.0,3834,978
HOUSE,231310420.0,3504,1106
BORAX,172497.0,2942,785
NICER,1239249.0,3845,824
LURCH,204983.0,2941,722
EXALT,193526.0,3687,807
ABOUT,1226734006.0,3203,734
SAVVY,3140230.0,2219,1127
TOXIN,1495922.0,2762,728
TUNIC,727598.0,2913,660
PRIED,82841.0,3555,1110
INLAY,965778.0,3358,759
CHUMP,270215.0,2009,631
LANKY,146488.0,2898,947
CRESS,279364.0,3270,849
EATER,1702828.0,3831,1017
ELUDE,215496.0,2805,928
CYCLE,29585286.0,2845,860
KITTY,6414935.0,2033,835
BOULE,116726.0,3445,1201
MORON,1017416.0,2539,811
TENET,834143.0,2532,1098
PLACE,220970235.0,3761,1219
LOBBY,6887477.0,2173,810
PLUSH,4692870.0,2602,814
VIGIL,1183443.0,1848,624
INDEX,242826246.0,2903,522
BLINK,5257629.0,2449,934
CLUNG,365864.0,2540,786
QUALM,34744.0,2502,718
CROUP,149483.0,2956,846
CLINK,164177.0,2644,959
JUICY,3778910.0,2062,985
STAGE,52518330.0,3912,1246
DECAY,4956622.0,3497,934
NERVE,6567418.0,2852,908
FLIER,542812.0,3742,1131
SHAFT,6431372.0,2988,1103
CROOK,1067661.0,2335,953
CLEAN,45381752.0,3969,867
CHINA,124472054.0,3080,853
RIDGE,15993437.0,3500,879
VOWEL,1033509.0,3045,821
GNOME,12609820.0,3182,935
SNUCK,274495.0,2392,880
ICING,1277602.0,2028,563
SPINY,366114.0,2700,1238
RIGOR,513599.0,2630,717
SNAIL,1580640.0,3602,1071
FLOWN,1749635.0,2465,733
RABID,612676.0,3215,741
PROSE,3085898.0,3913,1244
THANK,63234550.0,2874,894
POPPY,1805254.0,1542,891
BUDGE,418361.0,2679,931
FIBER,15530318.0,3306,922
MOLDY,208515.0,2602,931
DOWDY,161797.0,1764,849
KNEEL,417602.0,2729,757
TRACK,112385243.0,3286,985
CADDY,1094377.0,2267,1010
QUELL,292803.0,2441,702
DUMPY,88067.0,1964,771
PALER,152772.0,4183,1087
SWORE,663914.0,3742,1224
REBAR,281535.0,3382,776
SCUBA,6366349.0,2864,657
SPLAT,350981.0,3453,953
FLYER,5718564.0,3496,894
HORNY,12363955.0,3034,1057
MASON,9461838.0,3285,753
DOING,80821946.0,2699,879
OZONE,5865280.0,2596,890
AMPLY,321480.0,2796,761
MOLAR,650262.0,3657,872
OVARY,1003163.0,3201,876
BESET,373969.0,2907,1065
QUEUE,7398569.0,1725,889
CLIFF,5898886.0,2090,725
MAGIC,36676771.0,2746,667
TRUCE,897431.0,3797,1153
SPORT,62683851.0,3412,1072
FRITZ,2309089.0,2565,811
EDICT,382916.0,3497,761
TWIRL,234072.0,3206,764
VERSE,7469512.0,2947,1040
LLAMA,1033922.0,2007,724
EATEN,3412832.0,3507,935
RANGE,128314924.0,3985,1044
WHISK,591308.0,2129,776
HOVEL,76694.0,3238,870
REHAB,6460331.0,3769,528
MACAW,261749.0,1960,646
SIGMA,11864409.0,2939,764
SPOUT,905624.0,2981,1004
VERVE,1218256.0,2279,914
SUSHI,3488691.0,2191,669
DYING,9123557.0,2370,622
FETID,75712.0,3251,763
BRAIN,33612784.0,3395,1034
BUDDY,23611087.0,1563,866
THUMP,456603.0,2263,582
SCION,2245350.0,3139,933
CANDY,13772033.0,2840,1072
CHORD,3123447.0,2905,853
BASIN,10544774.0,3166,845
MARCH,158281269.0,3050,861
CROWD,11409218.0,2712,851
ARBOR,5057261.0,2905,807
GAYLY,29264.0,2425,974
MUSKY,177529.0,2084,791
STAIN,3512824.0,3615,1036
DALLY,142954.0,2508,1053
BLESS,5477461.0,2894,757
BRAVO,2772503.0,3057,849
STUNG,404657.0,2746,830
TITLE,196676017.0,3345,1045
RULER,2615554.0,3309,932
KIOSK,1808146.0,2301,748
BLOND,5155053.0,2715,916
ENNUI,145576.0,2939,389
LAYER,26912270.0,4242,950
FLUID,12943336.0,2474,776
TATTY,130077.0,2128,1067
SCORE,69315004.0,4023,1220
CUTIE,3305791.0,3570,1074
ZEBRA,2902469.0,3422,513
BARGE,1319916.0,3692,1138
MATEY,104596.0,3674,1204
BLUER,80668.0,3589,1068
AIDER,140957.0,4165,946
SHOOK,2917411.0,2018,997
RIVER,78843808.0,2949,885
PRIVY,742055.0,2508,1083
BETEL,126006.0,2955,998
FRISK,152512.0,2674,952
BONGO,767108.0,1916,723
BEGUN,8636352.0,2859,693
AZURE,1042257.0,3608,879
WEAVE,1965230.0,2551,1096
GENIE,1627726.0,2783,1073
SOUND,100010833.0,2853,1109
GLOVE,4714578.0,3161,1025
BRAID,981945.0,3215,1022
SCOPE,23349420.0,3491,1120
WRYLY,93928.0,2231,904
ROVER,8537021.0,3032,963
ASSAY,3855224.0,2067,762
OCEAN,31928741.0,4006,550
BLOOM,5456938.0,2065,790
IRATE,256072.0,4501,1168
LATER,84857974.0,4547,1032
WOKEN,364304.0,2960,821
SILKY,1749406.0,2688,1097
WRECK,2447935.0,3006,789
DWELT,512083.0,3262,747
SLATE,3813904.0,4318,1432
SMACK,1451860.0,2644,972
SOLID,37426444.0,3200,1032
AMAZE,791672.0,2561,926
HAZEL,2841268.0,3348,857
WRIST,6143580.0,3158,1039
JOLLY,2522092.0,1920,937
GLOBE,14554904.0,3289,1004
FLINT,3230800.0,2917,1036
ROUSE,812361.0,4014,1142
CIVIL,49495349.0,2013,761
VISTA,13991160.0,3194,526
RELAX,8856944.0,3855,628
COVER,94501729.0,3507,1056
ALIVE,16064787.0,3743,1073
BEECH,2327119.0,2372,878
JETTY,765224.0,2410,875
BLISS,3708978.0,2334,846
VOCAL,9082826.0,3071,695
OFTEN,92551460.0,3514,608
DOLLY,2266400.0,2286,1028
EIGHT,32567724.0,3326,621
JOKER,1492319.0,3117,841
SINCE,214302926.0,3616,1275
EVENT,125515260.0,2684,699
ENSUE,347067.0,2937,743
SHUNT,604152.0,2823,1109
DIVER,2452406.0,3342,891
POSER,1361002.0,3913,1030
WORST,16975343.0,3241,948
SWEEP,3623863.0,2457,960
ALLEY,4541475.0,3345,1134
CREED,3398609.0,2995,1078
ANIME,31334688.0,3764,983
LEAFY,704018.0,3574,1033
BOSOM,712863.0,2017,706
DUNCE,112570.0,3137,1005
STARE,1925618.0,4499,1320
PUDGY,89451.0,1958,841
WAIVE,1789027.0,3221,1119
CHOIR,5156247.0,3182,955
STOOD,11116275.0,2543,935
SPOKE,11577917.0,3226,1146
OUTGO,34007.0,2258,471
DELAY,21911190.0,3738,990
BILGE,412304.0,3206,984
IDEAL,26036289.0,3984,548
CLASP,1354393.0,3199,931
SEIZE,1908868.0,2608,1314
HOTLY,364264.0,3009,985
LAUGH,9822471.0,2854,769
SIEVE,851108.0,2720,1210
BLOCK,49694725.0,2434,879
MEANT,17832930.0,3823,1089
GRAPE,3638159.0,3777,1160
NOOSE,378201.0,3224,1152
HARDY,4748572.0,3076,969
SHIED,103457.0,3348,1211
DRAWL,112289.0,3175,864
DAISY,5124326.0,3130,1216
PUTTY,1065017.0,1984,940
STRUT,1271153.0,2760,940
BURNT,3221640.0,2945,956
TULIP,2406691.0,2946,660
CRICK,362258.0,2252,994
IDYLL,120651.0,2203,400
VIXEN,885674.0,2662,704
FUROR,177433.0,2345,827
GEEKY,987806.0,2174,952
COUGH,3451640.0,2391,855
NAIVE,1848489.0,3600,1074
SHOAL,435185.0,3499,1069
STORK,728360.0,3257,948
BATHE,494252.0,3601,1038
AUNTY,239524.0,3167,965
CHECK,244491090.0,2302,782
PRIME,38308402.0,3478,1164
BRASS,14298573.0,2820,953
OUTER,11245167.0,4075,867
FURRY,1887389.0,2016,997
RAZOR,3451657.0,2665,764
ELECT,5748899.0,3150,852
EVICT,211591.0,3256,756
IMPLY,4491299.0,2491,655
DEMUR,45556.0,3302,707
QUOTA,3245515.0,2952,653
HAVEN,10569212.0,3317,870
CAVIL,27985.0,2988,864
SWEAR,3082372.0,3964,960
CRUMP,328553.0,2519,754
DOUGH,3032657.0,2309,768
GAVEL,352668.0,3383,941
WAGON,5198530.0,2805,715
SALON,10079006.0,3685,1043
NUDGE,942601.0,2972,795
HAREM,435962.0,3805,896
PITCH,9800556.0,2626,740
SWORN,2332355.0,3085,932
PUPIL,4167137.0,2217,696
EXCEL,14133468.0,2458,615
STONY,1907651.0,3147,1231
CABIN,8052267.0,2973,846
UNZIP,1014009.0,2114,345
QUEEN,32366847.0,2298,833
TROUT,5369048.0,2845,994
POLYP,197981.0,2258,591
EARTH,61059905.0,4218,815
STORM,22242164.0,3363,877
UNTIL,113090086.0,3154,544
TAPER,1294069.0,4196,1040
ENTER,119394206.0,3429,800
CHILD,119747393.0,2641,888
ADOPT,11272339.0,3215,706
MINOR,29782623.0,3209,789
FATTY,5363547.0,2357,1053
HUSKY,1606901.0,2155,753
BRAVE,5221356.0,3534,1213
FILET,550472.0,3574,1019
SLIME,869502.0,3600,1321
GLINT,272373.0,2998,1016
TREAD,1672572.0,4224,873
STEAL,6257493.0,4318,936
REGAL,2236787.0,4128,730
GUEST,55293215.0,3403,901
EVERY,189325890.0,2703,778
MURKY,532036.0,2313,874
SHARE,119294241.0,4157,1387
SPORE,589081.0,3913,1241
HOIST,905107.0,3207,1038
BUXOM,237464.0,1852,544
INNER,17552078.0,3370,788
OTTER,1662335.0,3609,759
DIMLY,342692.0,2519,899
LEVEL,202563642.0,2098,850
SUMAC,181045.0,2900,804
DONUT,836168.0,2914,862
STILT,188393.0,2783,1123
ARENA,13966572.0,3675,829
SHEET,44295187.0,3014,1257
SCRUB,2360299.0,2786,661
FANCY,8777135.0,2676,1090
SLIMY,346686.0,2794,1263
PEARL,18707334.0,4183,993
SILLY,6833654.0,2478,1204
PORCH,3420626.0,2877,870
DINGO,420174.0,2699,583
SEPIA,741438.0,3908,884
AMBLE,141586.0,3517,818
SHADY,2059463.0,2847,1248
BREAD,13575360.0,3775,897
FRIAR,422181.0,2771,1042
REIGN,3505605.0,3680,818
DAIRY,8781961.0,3359,1195
QUILL,790160.0,1881,791
CROSS,74230978.0,2793,915
BROOD,1042305.0,2323,933
TUBER,243798.0,3602,920
SHEAR,2886210.0,4157,1060
POSIT,292597.0,3185,911
BLANK,18150537.0,2754,974
VILLA,17587586.0,2513,581
SHANK,1311484.0,2813,1110
PIGGY,1053871.0,1769,849
FREAK,3908219.0,3541,854
WHICH,810514085.0,1726,779
AMONG,83431590.0,2927,644
FECAL,1032064.0,3625,749
SHELL,20599318.0,3001,1003
WOULD,572644147.0,2522,806
ALGAE,2068644.0,3231,991
LARGE,165863763.0,4128,1052
RABBI,3488700.0,2822,500
AGONY,1543205.0,3035,940
AMUSE,554922.0,3655,936
BUSHY,445882.0,2225,830
COPSE,90567.0,3491,1127
SWOON,248694.0,2188,914
KNIFE,11297715.0,2912,830
POUCH,4023912.0,2446,872
ASCOT,888745.0,3600,597
PLANE,17799728.0,3859,1251
CROWN,16651038.0,2892,863
URBAN,38087999.0,3191,648
SNIDE,238032.0,3534,1209
RELAY,9275052.0,4242,984
ABIDE,3722809.0,3548,913
VIOLA,2458792.0,3266,712
RAJAH,157089.0,2286,711
STRAW,3958211.0,3463,784
DILLY,161256.0,2203,950
CRASH,15302627.0,3402,1079
AMASS,181774.0,1959,691
THIRD,95489240.0,3076,827
TRICK,8208473.0,2981,945
TUTOR,4635949.0,2845,789
WOODY,4355633.0,1764,1037
BLURB,776249.0,2359,699
GRIEF,4552843.0,3336,992
DISCO,7067687.0,2959,600
WHERE,360468339.0,2708,975
SASSY,1657970.0,2067,1284
BEACH,105642682.0,3347,1007
SAUNA,4202256.0,2682,1079
COMIC,16695850.0,2214,727
CLUED,125391.0,3280,999
CREEP,1811981.0,2967,1016
CASTE,1166877.0,4077,1143
GRAZE,364990.0,3452,1130
SNUFF,861230.0,1936,678
FROCK,185379.0,2564,908
GONAD,95676.0,3004,811
DRUNK,10519219.0,2539,838
PRONG,1059042.0,2898,874
LURID,226354.0,3142,711
STEEL,49452604.0,3343,1092
HALVE,240290.0,3460,952
BUYER,42024703.0,3297,917
VINYL,17009819.0,2535,539
UTILE,287546.0,3811,960
SMELL,6642666.0,2930,897
ADAGE,419158.0,2908,964
WORRY,13243591.0,2268,1038
TASTY,3565676.0,2796,1036
LOCAL,270742935.0,2919,739
TRADE,110086585.0,4224,1213
FINCH,1816047.0,2334,760
ASHEN,184747.0,3833,613
MODAL,1718570.0,3153,778
GAUNT,338487.0,3053,1019
CLOVE,698870.0,3326,1108
ENACT,1263603.0,3982,868
ADORN,464591.0,3591,683
ROAST,3205415.0,4022,1114
SPECK,757962.0,2948,866
SHEIK,596893.0,3165,957
MISSY,1925451.0,2078,923
GRUNT,616546.0,2975,982
SNOOP,2787168.0,2359,883
PARTY,144707500.0,3390,1111
TOUCH,36831035.0,2810,880
MAFIA,2666020.0,2190,657
EMCEE,294621.0,2021,906
ARRAY,25150016.0,2296,1096
SOUTH,238581133.0,3003,1085
VAPID,110502.0,2555,680
JELLY,3698541.0,2397,899
SKULK,24018.0,2060,815
ANGST,1232364.0,3255,718
TUBAL,566730.0,3166,707
LOWER,72606927.0,3790,922
CREST,5477034.0,3999,1066
SWEAT,4551615.0,3796,1001
CYBER,9289150.0,3306,806
ADORE,1176240.0,4248,975
TARDY,303140.0,3418,1049
SWAMI,900023.0,2823,794
NOTCH,3302495.0,2917,714
GROOM,2637912.0,2276,799
ROACH,3017586.0,3487,977
HITCH,2730000.0,2261,668
YOUNG,136341684.0,2526,673
ALIGN,5478643.0,3244,812
READY,62667516.0,3919,1085
FROND,86555.0,2845,945
STRAP,11414669.0,3634,823
PUREE,438733.0,2958,1229
REALM,6122762.0,4134,856
VENUE,14204074.0,2421,925
SWARM,1158175.0,3050,907
OFFER,126228968.0,3109,604
SEVEN,44224906.0,2623,1103
DRYER,5592001.0,2944,937
DIARY,14922472.0,3359,1132
DRYLY,96792.0,2430,933
DRANK,1777243.0,3048,979
ACRID,104638.0,3410,619
HEADY,434375.0,3409,1049
THETA,5070673.0,3321,672
JUNTO,128329.0,2548,539
PIXIE,1037554.0,2302,934
QUOTH,282770.0,2364,727
BONUS,27819488.0,2740,707
SHALT,1854326.0,3475,1230
PENNE,400010.0,2168,1123
AMEND,7806844.0,3487,655
DATUM,2226219.0,2879,650
BUILD,77203075.0,2525,904
PIANO,19419956.0,3336,888
SHELF,11287023.0,3230,874
LODGE,21541130.0,3402,939
SUING,816011.0,2687,1039
REARM,45604.0,3418,844
CORAL,8818272.0,3816,957
RAMEN,373754.0,3991,918
WORTH,48075237.0,2960,800
PSALM,2220027.0,3040,667
INFER,1104540.0,3599,676
OVERT,871540.0,3761,636
MAYOR,15030847.0,3365,784
OVOID,105072.0,1968,575
GLIDE,1731344.0,3319,1072
USAGE,25440406.0,3649,853
POISE,339263.0,3686,1279
RANDY,8110369.0,3262,979
CHUCK,9574825.0,1538,770
PRANK,825027.0,3020,1009
FISHY,658490.0,2378,808
TOOTH,5551049.0,1869,947
ETHER,1877315.0,3243,688
DROVE,5545848.0,3425,1088
IDLER,358013.0,3906,696
SWATH,438339.0,2953,991
STINT,855795.0,2640,1143
WHILE,226194991.0,3197,1076
BEGAT,191296.0,3524,896
APPLY,76341478.0,2480,784
SLANG,1817718.0,3242,1094
TAROT,3561389.0,3354,1001
RADAR,14982375.0,2265,858
CREDO,446499.0,3748,769
AWARE,25700328.0,3296,1062
CANON,41144763.0,2776,901
SHIFT,19811555.0,2683,1063
TIMER,7488669.0,3842,941
BYLAW,1070798.0,2589,486
SERUM,5854942.0,3577,893
THREE,223417394.0,3243,1196
STEAK,4413680.0,3812,894
ILIAC,181298.0,2836,693
SHIRK,194196.0,2832,1038
BLUNT,4129800.0,2764,973
PUPPY,6662287.0,1255,797
PENAL,1467202.0,3859,836
JOIST,194739.0,2847,989
BUNNY,5730050.0,1743,1041
SHAPE,25675227.0,3625,1287
BEGET,119815.0,2549,1052
WHEEL,25342937.0,2527,876
ADEPT,1595303.0,3692,640
STUNT,1754828.0,2436,1042
STOLE,2814273.0,4096,1269
TOPAZ,2348935.0,2862,651
CHORE,565322.0,3742,1157
FLUKE,1168887.0,2851,977
AFOOT,364417.0,2686,776
BLOAT,315923.0,3453,1031
BULLY,1532418.0,1886,996
DENSE,5225392.0,2864,1082
CAPER,485193.0,3942,1089
SNEER,203583.0,3368,1159
BOXER,3592432.0,3197,994
JUMBO,3237095.0,1842,348
LUNGE,199129.0,3295,907
SPACE,121505269.0,3713,1304
AVAIL,3902711.0,2513,774
SHORT,106755242.0,3434,1155
SLURP,495920.0,3112,936
LOYAL,4498834.0,2868,712
FLIRT,1817719.0,3241,1004
PIZZA,14763787.0,2050,436
CONCH,379190.0,2188,901
TEMPO,3372997.0,3393,559
DROOP,156194.0,2408,809
PLATE,24275560.0,4015,1208
BIBLE,45080741.0,2896,1014
PLUNK,106835.0,2330,801
AFOUL,159727.0,3139,628
SAVOY,1246516.0,2972,1214
STEEP,3399504.0,2992,993
AGILE,1808955.0,3901,1001
STAKE,5061965.0,3812,1225
DWELL,2014411.0,2533,649
KNAVE,149542.0,3140,880
BEARD,3166516.0,3775,988
AROSE,2609029.0,4523,1243
MOTIF,2961524.0,2697,681
SMASH,3192001.0,2346,1017
BROIL,479526.0,3316,996
GLARE,1567097.0,4128,1193
SHOVE,847364.0,3190,1219
BAGGY,419677.0,1989,984
MAMMY,145805.0,1715,904
SWAMP,2575587.0,2518,839
ALONG,83444756.0,3327,806
RUGBY,12992179.0,2377,745
WAGER,1366964.0,3606,983
QUACK,484886.0,2155,777
SQUAT,925062.0,2867,950
SNAKY,18580.0,2850,1177
DEBIT,4633794.0,3302,819
MANGE,250483.0,3404,1046
SKATE,4932092.0,3812,1242
NINTH,4390562.0,2359,651
JOUST,160309.0,2643,888
TRAMP,1087707.0,3282,846
SPURN,79323.0,2969,871
MEDAL,7747036.0,3630,740
MICRO,22219932.0,3111,572
REBEL,6527810.0,3123,875
FLANK,910609.0,2703,936
LEARN,179428286.0,4391,914
NADIR,353146.0,3508,786
MAPLE,9704551.0,3602,1052
COMFY,1245404.0,2197,937
REMIT,1111713.0,3842,818
GRUFF,237505.0,1902,608
ESTER,1581770.0,3524,729
LEAST,111229798.0,4318,1058
MOGUL,753098.0,2561,690
FETCH,2897593.0,3050,774
CAUSE,65904680.0,3814,1260
OAKEN,69075.0,3741,805
AGLOW,110328.0,2948,412
MEATY,395095.0,3674,1157
GAFFE,132748.0,2744,901
SHYLY,213165.0,2195,1064
RACER,3625077.0,3577,995
PROWL,343421.0,2925,831
THIEF,2970770.0,3245,903
STERN,4643592.0,4097,899
POESY,62166.0,3440,1132
ROCKY,10404321.0,2759,859
TWEET,168757.0,2153,941
WAIST,5013500.0,3236,1076
SPIRE,725421.0,3830,1264
GROPE,160148.0,3555,1097
HAVOC,1692191.0,2742,585
PATSY,1064602.0,3161,1091
TRULY,21693553.0,3232,1107
FORTY,7415064.0,3032,1080
DEITY,1262430.0,3446,1121
UNCLE,8127694.0,3460,760
SWISH,949054.0,1919,983
GIVER,698546.0,3259,895
PREEN,73524.0,3065,1033
BEVEL,571985.0,2378,936
LEMUR,287912.0,3625,683
DRAFT,35033621.0,3223,972
SLOPE,6469975.0,3732,1280
ANNOY,1497815.0,2725,860
LINGO,1055245.0,3022,559
BLEAK,1088632.0,3411,825
DITTY,281979.0,2216,926
CURLY,2231026.0,2978,1072
CEDAR,9484993.0,3970,888
DIRGE,384505.0,3500,973
GROWN,13931521.0,2727,780
HORDE,3026646.0,3660,1002
DROOL,539170.0,2759,908
SHUCK,116293.0,2206,937
CRYPT,1904607.0,2890,797
CUMIN,612220.0,2500,732
STOCK,176295589.0,2835,948
GRAVY,1441099.0,2758,1097
LOCUS,3009222.0,3078,540
WIDER,8186703.0,3384,888
BREED,7716901.0,2800,1053
QUITE,58777731.0,3124,1035
CHAFE,118832.0,3296,1105
CACHE,17250923.0,3067,1008
BLIMP,263458.0,2347,763
DEIGN,94806.0,3176,824
FIEND,670385.0,3095,813
LOGIC,23989892.0,2924,622
CHEAP,97049762.0,3432,737
ELIDE,23795.0,3009,1029
RIGID,4240019.0,2270,649
FALSE,33476460.0,3818,1144
RENAL,4494106.0,4391,800
PENCE,1009358.0,2643,1091
ROWDY,510507.0,2661,843
SHOOT,12695618.0,2537,1137
BLAZE,2448412.0,3241,1121
ENVOY,1574245.0,3132,704
POSSE,1038358.0,3016,1093
BRIEF,32599674.0,3306,1050
NEVER,149556758.0,2852,857
ABORT,1569892.0,3634,802
MOUSE,33667003.0,3433,1144
MUCKY,111308.0,1891,767
SULKY,156355.0,2484,1081
FIERY,1838655.0,3450,1027
MEDIA,216432510.0,3584,644
TRUNK,11020361.0,2875,876
YEAST,6083904.0,4026,977
CLEAR,88447610.0,4293,949
SKUNK,937406.0,1917,835
SCALP,1356840.0,3199,929
BITTY,409188.0,2103,988
CIDER,1743446.0,3665,1004
KOALA,922217.0,2654,830
DUVET,1567578.0,2970,916
SEGUE,234120.0,2674,1177
CREME,1724183.0,2918,1132
SUPER,66703287.0,3626,1137
GRILL,10254124.0,2593,965
AFTER,372948094.0,4060,789
OWNER,58189056.0,3647,752
EMBER,488846.0,2723,696
REACH,35687918.0,3964,939
NOBLY,118764.0,2746,898
EMPTY,26206017.0,3064,670
SPEED,83135749.0,2656,1039
GIPSY,387772.0,2437,908
RECUR,378119.0,3068,696
SMOCK,220361.0,2422,909
DREAD,1649823.0,3495,835
MERGE,5961585.0,2753,1009
BURST,5147573.0,3040,945
KAPPA,2793667.0,1550,494
AMITY,540428.0,3114,947
SHAKY,766843.0,2664,1234
HOVER,1553261.0,3419,927
CAROL,11109404.0,3816,952
SNORT,1522943.0,3620,1098
SYNOD,1095269.0,2811,774
FAINT,2565744.0,3176,1140
HAUNT,985188.0,3130,973
FLOUR,5162842.0,3061,872
CHAIR,40764005.0,3404,1018
DETOX,2297343.0,3142,603
SHREW,382770.0,3376,1007
TENSE,2320926.0,3200,1120
PLIED,243191.0,3374,1043
QUARK,2286617.0,2577,777
BURLY,250632.0,2783,1047
NOVEL,21821189.0,3424,838
WAXEN,31767.0,3009,846
STOIC,272080.0,3295,874
JERKY,763325.0,2788,843
BLITZ,2476009.0,2435,782
BEEFY,366863.0,2163,990
LYRIC,6970278.0,3182,461
HUSSY,85775.0,1945,869
TOWEL,4901668.0,3622,927
QUILT,5187075.0,2610,889
BELOW,145701629.0,3173,675
BINGO,9539002.0,2586,645
WISPY,119494.0,2321,777
BRASH,461753.0,3207,1054
SCONE,213031.0,3699,1252
TOAST,3262695.0,3125,1158
EASEL,791426.0,3589,929
SAUCY,474568.0,3008,1348
VALUE,182061247.0,3539,963
SPICE,7120274.0,3408,1264
HONOR,16787246.0,2610,829
ROUTE,31439231.0,4075,1110
SHARP,24904199.0,3292,1021
BAWDY,160667.0,2266,936
RADII,575939.0,2935,653
SKULL,4457991.0,2060,857
PHONY,765758.0,2502,1074
ISSUE,128427156.0,3034,634
LAGER,1050146.0,4128,988
SWELL,2213445.0,2808,903
URINE,4903932.0,3836,1170
GASSY,63283.0,2377,1034
TRIAL,56547673.0,3987,999
FLORA,4756211.0,3570,791
UPPER,38341510.0,2958,681
LATCH,1777882.0,3282,789
WIGHT,2190271.0,2290,631
BRICK,8094369.0,2532,969
RETRY,916420.0,3280,971
HOLLY,6834032.0,2280,986
DECAL,2311933.0,3789,725
GRASS,12868953.0,2850,895
SHACK,2739743.0,2715,1078
DOGMA,1016614.0,2747,588
MOVER,2309084.0,3348,965
DEFER,1207925.0,2749,907
SOBER,1672710.0,3828,1230
OPTIC,4558869.0,2992,402
CRIER,374599.0,3272,1261
VYING,348440.0,2129,554
NOMAD,1422041.0,3010,657
FLUTE,4090740.0,3370,1061
HIPPO,1146063.0,2175,435
SHARK,5904454.0,3137,1078
DRIER,679179.0,3190,1174
OBESE,1673406.0,2931,827
BUGLE,583867.0,3002,1009
TAWNY,602308.0,2895,1025
CHALK,2498505.0,2763,923
FEAST,4166016.0,3831,1106
RUDDY,387590.0,2180,798
PEDAL,3763705.0,3679,774
SCARF,3181107.0,3244,887
CRUEL,4180956.0,3784,1103
BLEAT,144793.0,3930,965
TIDAL,2268649.0,3483,742
SLUSH,389608.0,2237,1038
SEMEN,1553302.0,2787,1115
WINDY,2162674.0,2254,853
DUSTY,2339959.0,2680,879
SALLY,5933047.0,2783,1307
IGLOO,397625.0,2449,347
NERDY,431324.0,3517,874
JEWEL,5603871.0,2167,760
SHONE,704369.0,3611,1356
WHALE,5928569.0,3502,1116
HYMEN,341598.0,2930,600
ABUSE,36269685.0,3619,914
FUGUE,400733.0,2235,891
ELBOW,3484326.0,3173,477
CRUMB,673404.0,2434,709
PANSY,420775.0,3005,1117
WELSH,7346867.0,3195,743
SYRUP,3108136.0,2820,688
TERSE,287692.0,3524,1146
SUAVE,336960.0,3491,1323
GAMUT,553397.0,2796,815
SWUNG,867135.0,2211,797
DRAKE,4373046.0,3705,1161
FREED,2683280.0,2749,1015
AFIRE,113772.0,4001,986
SHIRT,40501964.0,3351,1178
GROUT,628986.0,3155,960
ODDLY,1385252.0,2286,662
TITHE,359291.0,3016,911
PLAID,1679093.0,3119,923
DUMMY,3230609.0,1599,789
BROOM,1312361.0,2246,857
BLIND,16485480.0,2632,939
TORCH,3360286.0,3241,878
ENEMY,14084182.0,2543,768
AGAIN,150781416.0,2528,745
TYING,1898217.0,2706,660
PESKY,619402.0,2897,881
ALTER,7831337.0,4547,981
GAZER,129741.0,3452,960
NOBLE,12604679.0,3552,956
ETHOS,946491.0,3767,326
BRIDE,8650665.0,3470,1197
EXTOL,149713.0,3465,484
DECOR,12098868.0,3748,752
HOBBY,8237250.0,1844,792
BEAST,14787561.0,3882,1144
IDIOM,554390.0,2132,494
UTTER,2096533.0,3322,751
THESE,541003982.0,3014,1063
SIXTH,9920054.0,2491,854
ALARM,17059844.0,2904,838
ERASE,3086642.0,3770,1238
ELEGY,295636.0,2680,889
SPUNK,404915.0,2282,886
PIPER,3346631.0,3162,929
SCALY,272847.0,3258,1237
SCOLD,170208.0,3005,928
HEFTY,905281.0,2999,838
CHICK,7771502.0,1742,871
SOOTY,220245.0,2574,1390
CANAL,8278196.0,2739,956
WHINY,225341.0,2248,1038
SLASH,2935535.0,2746,1179
QUAKE,4544481.0,2910,991
JOINT,38827057.0,2752,1000
SWEPT,2612095.0,3186,889
PRUDE,93351.0,3351,1064
HEAVY,37668153.0,3168,1025
WIELD,419233.0,3203,740
FEMME,2521124.0,1775,927
LASSO,573529.0,3112,700
MAIZE,2222076.0,3231,1119
SHALE,769742.0,3976,1399
SCREW,8177263.0,3464,903
SPREE,1218040.0,3160,1329
SMOKY,1818184.0,2371,1065
WHIFF,246582.0,1480,553
SCENT,3277212.0,3675,1017
GLADE,1168016.0,3624,1112
SPENT,29719451.0,3565,1038
PRISM,2648058.0,2916,887
STOKE,2552684.0,3590,1162
RIPER,74056.0,3162,893
ORBIT,5389062.0,3329,775
COCOA,3557169.0,2203,728
GUILT,3623942.0,2891,981
HUMUS,186734.0,1837,433
SHUSH,60031.0,1521,982
TABLE,165341452.0,3930,1093
SMIRK,403780.0,2761,932
WRONG,49156828.0,2727,815
NOISY,3722908.0,3088,1117
ALERT,32472727.0,4547,920
SHINY,3192674.0,2722,1321
ELATE,16161.0,3650,1139
RESIN,4966700.0,4038,714
WHOLE,85202530.0,3280,1053
HUNCH,327195.0,1901,678
PIXEL,8813200.0,3018,827
POLAR,7715471.0,3706,906
HOTEL,297974790.0,3815,932
SWORD,8835685.0,2905,920
CLEAT,371970.0,4125,990
MANGO,2171900.0,2927,682
RUMBA,404980.0,2934,438
PUFFY,3488647.0,1484,750
FILLY,499537.0,2039,974
BILLY,13515249.0,2090,1012
LEASH,1310125.0,3976,942
CLOUT,639706.0,3139,976
DANCE,51147967.0,3646,1124
OVATE,143727.0,3839,923
FACET,1221287.0,3638,1066
CHILI,4553187.0,2248,781
PAINT,21926890.0,3312,1146
LINER,4486145.0,4086,955
CURIO,506765.0,3261,762
SALTY,1196416.0,3512,1284
AUDIO,127014703.0,3257,616
SNAKE,7606395.0,3656,1235
FABLE,1678751.0,3430,1079
CLOAK,1450056.0,3129,916
NAVEL,1503077.0,3646,863
SPURT,325911.0,3125,994
PESTO,521625.0,3745,659
BALMY,210906.0,2711,1021
FLASH,68391647.0,2975,949
UNWED,125824.0,2856,582
EARLY,100013194.0,4242,1065
CHURN,694218.0,2798,787
WEEDY,160228.0,2241,933
STUMP,1357079.0,2544,731
LEASE,17180592.0,3589,1227
WITTY,1753886.0,2017,897
WIMPY,258895.0,1969,758
SPOOF,907481.0,2015,827
SANER,84491.0,4343,1336
BLEND,9680982.0,3192,850
SALSA,4234056.0,2359,1015
THICK,14030556.0,2471,822
WARTY,111349.0,3219,1052
MANIC,1448525.0,3009,737
BLARE,49365.0,4098,1251
SQUIB,112968.0,2113,704
SPOON,4000406.0,2359,931
PROBE,9643801.0,3525,1097
CREPE,768351.0,2967,1114
KNACK,616898.0,2233,676
FORCE,79199815.0,3584,1149
DEBUT,7220643.0,3098,743
ORDER,336631187.0,3273,913
HASTE,1059853.0,3989,1014
TEETH,9769437.0,2346,843
AGENT,57103658.0,3817,763
WIDEN,1178278.0,3060,806
ICILY,21127.0,2285,866
SLICE,4628779.0,3759,1403
INGOT,234052.0,3035,573
CLASH,3531117.0,3221,1012
JUROR,837876.0,2143,712
BLOOD,61348302.0,2142,866
ABODE,1246541.0,3631,890
THROW,15751985.0,2960,605
UNITY,8657709.0,2862,889
PIVOT,1734444.0,2669,776
SLEPT,2370802.0,3708,1045
TROOP,2609404.0,2744,847
SPARE,10009522.0,4135,1304
SEWER,5008805.0,2989,1162
PARSE,3698919.0,4135,1201
MORPH,759670.0,2718,736
CACTI,478989.0,2849,708
TACKY,519106.0,2813,928
SPOOL,1499516.0,2502,956
DEMON,4602331.0,3265,675
MOODY,3776452.0,1886,1062
ANNEX,8465905.0,2815,690
BEGIN,45434902.0,3063,769
FUZZY,5241931.0,1159,715
PATCH,39999745.0,2931,843
WATER,215178488.0,4025,1027
LUMPY,296904.0,2287,747
ADMIN,37835381.0,2927,509
OMEGA,10289113.0,3584,395
LIMIT,38290292.0,2431,760
TABBY,504455.0,2408,897
MACHO,797523.0,2906,553
AISLE,1917319.0,4259,1005
SKIFF,281833.0,1777,702
BASIS,59901425.0,2593,751
PLANK,1265284.0,2839,942
VERGE,1422550.0,2589,945
BOTCH,92410.0,2624,850
CRAWL,2859784.0,3257,951
LOUSY,1095083.0,3027,1066
SLAIN,1281084.0,3602,1159
CUBIC,5774261.0,1891,628
RAISE,21099943.0,4440,1268
WRACK,68820.0,2751,918
GUIDE,213378807.0,3069,1057
FOIST,55908.0,3049,1104
CAMEO,1517437.0,3749,939
UNDER,313296421.0,3559,725
ACTOR,16282891.0,3829,635
REVUE,1290094.0,2745,899
FRAUD,15378751.0,2960,908
HARPY,107008.0,3048,950
SCOOP,5272369.0,2261,836
CLIMB,5697476.0,2457,743
REFER,27099706.0,2356,901
OLDEN,318215.0,3665,764
CLERK,11923960.0,3528,838
DEBAR,52384.0,3775,782
TALLY,1812605.0,2844,1091
ETHIC,1333320.0,3491,347
CAIRN,688283.0,3590,1048
TULLE,336799.0,3141,1030
GHOUL,247064.0,2632,739
HILLY,511265.0,2197,908
CRUDE,5119129.0,3461,1121
APART,16507181.0,2966,910
SCALE,46307526.0,4064,1295
OLDER,44222089.0,3989,846
PLAIN,23747230.0,3299,935
SPERM,5944531.0,3476,795
BRINY,66915.0,2844,1252
ABBOT,992552.0,2737,597
RERUN,763880.0,3166,721
QUEST,14258533.0,3122,809
CRISP,3880385.0,3075,958
BOUND,22303643.0,2465,917
BEFIT,31021.0,3138,850
DRAWN,14827380.0,3032,839
SUITE,44829675.0,3763,1377
ITCHY,1181967.0,2685,559
CHEER,3648929.0,2989,1049
BAGEL,792721.0,3511,1017
GUESS,28743465.0,2674,684
BROAD,21370126.0,3298,963
AXIOM,1495473.0,2751,594
CHARD,459373.0,3127,916
CAPUT,105633.0,3010,894
LEANT,101406.0,4223,1069
HARSH,4087715.0,2927,844
CURSE,3982181.0,3736,1139
PROUD,17167504.0,2874,851
SWING,12734467.0,2415,898
OPINE,103450.0,3591,972
TASTE,17311343.0,3602,1094
LUPUS,1538621.0,2215,447
GUMBO,467464.0,2125,443
MINER,2264812.0,3686,975
GREEN,108287905.0,3010,1007
CHASM,517410.0,2821,861
LIPID,2662396.0,2144,621
TOPIC,149001702.0,2992,674
ARMOR,6001844.0,2941,812
BRUSH,10018684.0,2698,913
CRANE,4888961.0,4150,1375
MURAL,1367338.0,3370,772
ABLED,122479.0,3594,704
HABIT,4880657.0,3041,840
BOSSY,163576.0,2125,1067
MAKER,16635947.0,3628,953
DUSKY,390563.0,2161,795
DIZZY,1424316.0,1527,707
LITHE,135670.0,3732,849
BROOK,6044943.0,2140,928
JAZZY,849457.0,1466,719
FIFTY,8133138.0,2052,864
SENSE,52629633.0,2471,1336
GIANT,17098874.0,3257,1057
SURLY,372213.0,3171,1239
LEGAL,142048771.0,3231,712
FATAL,6779744.0,2649,867
FLUNK,79790.0,2194,795
BEGAN,38269468.0,3368,773
PRUNE,688443.0,3531,1177
SMALL,208371878.0,2675,1026
SLANT,1313083.0,3661,1306
SCOFF,177728.0,2125,709
TORUS,509986.0,3513,709
NINNY,38726.0,1667,921
COVEY,720367.0,3034,1208
VIPER,2201559.0,3314,831
TAKEN,87019836.0,3717,913
MORAL,13643598.0,3657,866
VOGUE,2159792.0,2911,893
OWING,2399321.0,2500,574
TOKEN,5672353.0,3495,888
ENTRY,80717798.0,3853,784
BOOTH,7723310.0,2149,971
VOTER,4905374.0,3761,963
CHIDE,66368.0,3155,1099
ELFIN,168528.0,3418,585
EBONY,14831025.0,3260,877
NEIGH,211412.0,3170,757
MINIM,165667.0,1559,645
MELON,1355214.0,3588,722
KNEED,71162.0,2406,720
DECOY,514956.0,3275,904
VOILA,506278.0,3266,813
ANKLE,4146793.0,3704,823
ARROW,11563142.0,2819,719
MUSHY,275321.0,2261,764
TRIBE,7890695.0,3806,1128
CEASE,4081957.0,3348,1338
EAGER,4175668.0,3412,973
BIRTH,36286070.0,2963,813
GRAPH,15526746.0,2934,875
ODDER,60826.0,3273,666
TERRA,3747696.0,3831,766
WEIRD,11556427.0,3384,857
TRIED,34201786.0,3919,1118
CLACK,246726.0,2376,967
COLOR,112965658.0,2841,933
ROUGH,11557184.0,2813,762
WEIGH,3587993.0,2791,802
UNCUT,3929056.0,2243,511
LADLE,372653.0,3314,1050
STRIP,18711440.0,3329,819
CRAFT,16528294.0,3305,1059
MINUS,7025364.0,2693,563
DICEY,161963.0,3192,1050
TITAN,3974407.0,2947,753
LUCID,1105349.0,2720,604
VICAR,825292.0,3169,674
DRESS,27318959.0,3188,762
DITCH,2373753.0,2654,710
GYPSY,2201227.0,1767,729
PASTA,5855460.0,2737,727
TAFFY,411033.0,2357,877
FLAME,8527495.0,3466,1131
SWOOP,467481.0,1980,840
ALOOF,294291.0,2673,741
SIGHT,13360499.0,2764,914
BROKE,10460811.0,3370,1160
TEARY,137396.0,4255,1210
CHART,35027490.0,3463,1051
SIXTY,4851534.0,2528,1081
WORDY,180947.0,2661,957
SHEER,6684477.0,3182,1216
LEPER,200592.0,3208,915
NOSEY,132182.0,3648,1078
BULGE,881613.0,3002,968
SAVOR,506115.0,3445,1062
CLAMP,3639509.0,2847,828
FUNKY,5587279.0,1902,876
FOAMY,226531.0,2697,1152
TOXIC,9065369.0,2664,629
BRAND,82807581.0,3118,1046
PLUMB,631703.0,2143,585
DINGY,255349.0,2370,889
BUTTE,2505600.0,2705,1030
DRILL,8248787.0,2676,961
TRIPE,215448.0,3891,1154
BICEP,162754.0,3020,804
TENOR,2361385.0,4182,871
KRILL,208654.0,2493,870
WORSE,15677739.0,3742,1117
DRAMA,20939845.0,2581,815
HYENA,268889.0,3589,513
THINK,217856550.0,2569,854
RATIO,26457942.0,4024,736
COBRA,4412823.0,3380,746
BASIL,2757419.0,3309,870
SCRUM,425870.0,2822,692
BUSED,62772.0,3037,874
PHONE,256643812.0,3308,1132
COURT,127719981.0,3320,1045
CAMEL,11005001.0,3712,1036
PROOF,26305059.0,2244,809
HEARD,45436523.0,3882,884
ANGEL,25294123.0,3804,767
PETAL,895903.0,4015,810
POUTY,69818.0,2737,1088
THROB,212889.0,3046,599
MAYBE,51895609.0,3225,886
FETAL,3127968.0,3879,804
SPRIG,143773.0,2910,788
SPINE,5370074.0,3506,1296
SHOUT,3965861.0,3003,1087
CADET,1717624.0,3802,1148
MACRO,9885853.0,3416,675
DODGY,571643.0,1880,905
SATYR,136838.0,3693,995
RARER,296244.0,3102,1102
BINGE,850412.0,3063,1009
TREND,15747018.0,3822,893
NUTTY,686428.0,2192,836
LEAPT,411241.0,4015,937
AMISS,271389.0,2629,651
SPLIT,19998411.0,3148,949
MYRRH,294893.0,2024,579
WIDTH,25182453.0,2373,634
SONAR,1341822.0,3866,1155
TOWER,20686918.0,3803,984
BARON,3504549.0,3478,902
FEVER,8582665.0,2508,955
WAVER,217064.0,3448,965
SPARK,4842423.0,3115,995
BELIE,103562.0,2896,1106
SLOOP,295505.0,2502,996
EXPEL,467751.0,2348,616
SMOTE,276278.0,3696,1207
BALER,153800.0,4098,1119
ABOVE,141894620.0,3390,866
NORTH,217809513.0,3339,755
WAFER,1554217.0,3525,941
SCANT,543285.0,3420,1146
FRILL,99652.0,2512,985
AWASH,274221.0,2224,798
SNACK,3847152.0,2901,1021
SCOWL,115386.0,2806,828
FRAIL,696174.0,3487,1021
DRIFT,3889505.0,2918,932
LIMBO,847468.0,2735,431
FENCE,6796605.0,2507,1085
MOTEL,9170238.0,3744,970
OUNCE,3268355.0,3497,935
WREAK,316442.0,3506,801
REVEL,546018.0,2995,868
TALON,858061.0,3746,827
PRIOR,62949059.0,2685,1018
KNELT,429464.0,3458,699
CELLO,2358848.0,3174,771
FLAKE,847014.0,3360,1118
DEBUG,9581095.0,2679,531
ANODE,768949.0,3924,961
CRIME,40361756.0,3588,1221
SALVE,423303.0,3741,1248
SCOUT,6176157.0,3091,983
IMBUE,105068.0,2962,632
PINKY,672775.0,2242,898
STAVE,363443.0,3754,1215
VAGUE,2783775.0,3133,918
CHOCK,508651.0,1825,848
FIGHT,30784313.0,2325,684
VIDEO,365410017.0,3198,695
STONE,42494931.0,3953,1289
TEACH,19079783.0,3796,983
CLEFT,787981.0,3379,863
FROST,5940685.0,3276,1069
PRAWN,510828.0,3004,869
BOOTY,14218854.0,2186,1198
TWIST,7240854.0,2261,883
APNEA,950562.0,3143,719
STIFF,3492842.0,2296,769
PLAZA,14274314.0,2096,730
LEDGE,1157598.0,2649,901
TWEAK,1705761.0,3338,645
BOARD,212361059.0,3298,1026
GRANT,47609624.0,3484,1123
MEDIC,1122716.0,3084,612
BACON,5385205.0,3056,795
CABLE,70082598.0,3676,1142
BRAWL,567755.0,3062,926
SLUNK,40167.0,2633,1025
RASPY,105094.0,3329,903
FORUM,254478181.0,2661,701
DRONE,725818.0,3846,1225
WOMEN,242520455.0,3066,870
MUCUS,600467.0,1925,466
BOAST,1239080.0,3405,1182
TODDY,131875.0,2299,936
COVEN,295821.0,3183,974
TUMOR,7430480.0,3161,739
TRUER,254461.0,3322,1111
WRATH,2486700.0,3182,931
STALL,2114252.0,3088,1065
STEAM,11141309.0,3918,823
AXIAL,1685087.0,2398,737
PURER,145370.0,2958,1019
DAILY,105837757.0,3178,1207
TRAIL,23648838.0,3987,1035
NICHE,3999108.0,3335,744
MEALY,116752.0,3661,1180
JUICE,10973425.0,2868,1043
NYLON,10410171.0,2466,433
PLUMP,3386553.0,1863,630
MERRY,6367037.0,2867,1025
FLAIL,155382.0,2590,954
PAPAL,754586.0,2056,819
WHEAT,8685589.0,3515,818
BERRY,7551906.0,2831,1091
COWER,95006.0,3549,1033
ERECT,2057313.0,3331,919
BRUTE,1216912.0,3602,1166
LEGGY,182670.0,2680,835
SNIPE,425778.0,3506,1190
SINEW,74869.0,3335,1038
SKIER,863046.0,3675,1171
PENNY,7162062.0,2592,1065
JUMPY,168187.0,1598,680
RALLY,9155530.0,3012,1047
UMBRA,321800.0,2934,340
SCARY,5571680.0,3439,1225
MODEM,15984492.0,2692,821
GROSS,16440590.0,2628,832
AVIAN,2877167.0,2370,713
GREED,1997460.0,2830,995
SATIN,6620674.0,3615,1068
TONIC,1393402.0,3200,754
PARKA,688453.0,2447,726
SNIFF,1041321.0,2140,779
LIVID,270785.0,1931,613
STARK,3479265.0,3479,1011
TRUMP,2879094.0,2773,705
GIDDY,483433.0,1797,824
REUSE,3950428.0,3261,1104
TABOO,3079923.0,2737,699
AVOID,36508203.0,2943,674
QUOTE,139242226.0,3207,1012
DEVIL,12869511.0,3161,714
LIKEN,132264.0,3399,748
GLOSS,3426618.0,2447,765
GAYER,62075.0,3836,978
BERET,330199.0,3136,1148
NOISE,25171520.0,3894,1175
GLAND,2561362.0,2967,921
DEALT,6174968.0,4043,1073
SLING,1688770.0,2937,1054
RUMOR,2455494.0,2432,695
OPERA,18225169.0,4220,492
THIGH,2171107.0,2096,772
TONGA,4813052.0,3340,704
FLARE,2190533.0,4047,1213
WOUND,5820050.0,2379,826
WHITE,209863729.0,3210,1053
BULKY,1181562.0,2096,889
ETUDE,338721.0,2818,805
HORSE,58453720.0,3935,1104
CIRCA,3475462.0,3017,775
PADDY,1668962.0,2157,953
INBOX,5845223.0,2313,317
FIZZY,194519.0,1363,731
GRAIN,10244623.0,3425,976
EXERT,1109622.0,2893,666
SURGE,5436623.0,3571,1211
GLEAM,356949.0,3547,696
BELLE,5820002.0,2226,1110
SALVO,454555.0,3264,884
CRUSH,3576348.0,2893,938
FRUIT,22767191.0,2991,978
SAPPY,216405.0,2432,1140
TAKER,625940.0,4041,995
TRACT,5897046.0,3076,1125
OVINE,146663.0,3378,926
SPIKY,181090.0,2337,1111
FRANK,31392284.0,2884,1003
REEDY,316918.0,2944,956
FILTH,2077997.0,2731,724
SPASM,391339.0,2324,945
HEAVE,296454.0,2744,1083
MAMBO,5164902.0,2324,554
RIGHT,273620358.0,2993,654
CLANK,265523.0,2949,999
TRUST,55157142.0,2760,1005
LUMEN,710305.0,3301,781
BORNE,3379421.0,3733,1219
SPOOK,318653.0,1996,914
SAUCE,10968629.0,3814,1406
AMBER,11065507.0,3698,764
LATHE,1073261.0,4037,952
CARAT,3398374.0,3076,1080
CORER,96129.0,3355,1170
DIRTY,16101662.0,3113,978
SLYLY,103507.0,1808,1120
AFFIX,444121.0,1911,339
ALLOY,5468839.0,2868,948
TAINT,375008.0,2947,1154
SHEEP,8962638.0,2650,1060
KINKY,3254161.0,1877,777
WOOLY,256170.0,2087,1130
MAUVE,589931.0,3139,1043
FLUNG,838045.0,2294,723
YACHT,5932756.0,2990,647
FRIED,4364192.0,3419,1104
QUAIL,1278967.0,2856,827
BRUNT,489270.0,2945,1040
GRIMY,139160.0,2617,1080
CURVY,360365.0,2414,955
CAGEY,66504.0,3414,1251
RINSE,1885846.0,4038,1036
DEUCE,970434.0,2564,1089
STATE,453104133.0,3602,1309
GRASP,3270025.0,3215,915
MILKY,1515925.0,2336,839
BISON,2002028.0,2944,716
GRAFT,1576259.0,3140,976
SANDY,9897487.0,3033,1239
BASTE,95369.0,3882,1118
FLASK,1150132.0,2798,925
HEDGE,4041429.0,2320,883
GIRLY,778626.0,3017,1005
SWASH,265955.0,2224,1023
BONEY,409772.0,3260,1271
COUPE,4874541.0,3289,1114
ENDOW,195844.0,3143,383
ABHOR,169167.0,3292,509
WELCH,3031408.0,3002,722
BLADE,11527988.0,3594,1170
TIGHT,17981854.0,2096,698
GEESE,1299115.0,2208,1126
MISER,222219.0,3781,918
MIRTH,381439.0,2999,747
CLOUD,11337220.0,2803,841
CABAL,531622.0,2446,875
LEECH,698609.0,2808,792
CLOSE,107853068.0,3842,1234
TENTH,3317039.0,2919,803
PECAN,1118027.0,3618,730
DROIT,750988.0,3442,1032
GRAIL,1122474.0,3568,1001
CLONE,9284578.0,3747,1245
GUISE,767344.0,3344,1159
RALPH,12190683.0,3340,708
TANGO,2727306.0,3340,724
BIDDY,137910.0,1767,882
SMITH,63357901.0,2770,945
MOWER,1579636.0,3390,942
PAYEE,611882.0,2994,1214
SERIF,2109334.0,3694,953
DRAPE,484861.0,3860,1156
FIFTH,16255266.0,2015,637
SPANK,5416004.0,2791,1027
GLAZE,1431525.0,3271,1063
ALLOT,396325.0,3173,837
TRUCK,32136249.0,2777,844
KAYAK,2628993.0,1609,628
VIRUS,36286003.0,2853,525
TESTY,167487.0,3051,973
TEPEE,52048.0,2324,1187
FULLY,48616832.0,1835,958
ZONAL,536783.0,3057,736
METRO,18738665.0,3925,667
CURRY,4029540.0,2262,1060
GRAND,56599468.0,3148,988
BANJO,1940675.0,2608,674
AXION,276049.0,3008,682
BEZEL,1692595.0,2266,898
OCCUR,24679212.0,2591,431
CHAIN,35928367.0,3080,936
NASAL,2536094.0,2932,738
GOOEY,335656.0,2717,1319
FILER,702264.0,3742,978
BRACE,2182960.0,3857,1318
ALLAY,203474.0,2115,978
PUBIC,923627.0,2256,571
RAVEN,4630541.0,3827,906
PLEAD,1125870.0,3679,798
GNASH,60339.0,2913,816
FLAKY,442666.0,2554,1060
MUNCH,699127.0,2217,716
DULLY,66436.0,1999,934
EKING,26695.0,2993,571
THING,97451660.0,2669,782
SLINK,196197.0,2837,1126
HURRY,3536968.0,2174,931
THEFT,12744763.0,2575,758
SHORN,142311.0,3278,1032
PYGMY,421975.0,1415,662
RANCH,10539650.0,3307,833
WRING,188579.0,2644,838
LEMON,9066930.0,3588,651
SHORE,12568485.0,3935,1324
MAMMA,1368416.0,1291,603
FROZE,594804.0,3149,1087
NEWER,7122879.0,2894,834
STYLE,101024266.0,3767,1055
MOOSE,3581329.0,2967,1222
ANTIC,147936.0,3422,527
DROWN,1156106.0,2810,776
VEGAN,2642418.0,3240,643
CHESS,8293823.0,2760,726
GUPPY,233792.0,1565,771
UNION,72603888.0,2462,648
LEVER,3566558.0,2995,907
LORRY,549887.0,2790,1043
IMAGE,197874283.0,3501,876
CABBY,61542.0,2154,946
DRUID,1160196.0,2426,819
EXACT,22304937.0,3446,795
TRUTH,35345925.0,2479,857
DOPEY,169040.0,3165,1129
SPEAR,2942538.0,4135,977
CRIED,4352198.0,3665,1167
CHIME,1115076.0,3078,1098
CRONY,137861.0,3122,1254
STUNK,76458.0,2646,902
TIMID,657204.0,2108,687
BATCH,7835050.0,2846,875
GAUGE,9952466.0,2981,1082
ROTOR,2003039.0,2379,839
CRACK,16633701.0,2557,1034
CURVE,11071177.0,3220,1013
LATTE,783412.0,3650,1063
WITCH,6671560.0,2455,681
BUNCH,10355431.0,2181,782
REPEL,439316.0,3208,876
ANVIL,936808.0,3086,589
SOAPY,303519.0,3185,1364
METER,22874915.0,3172,989
BROTH,1297117.0,3046,959
MADLY,545418.0,2824,1012
DRIED,6331606.0,3190,1080
SCENE,29372413.0,2946,1186
KNOWN,86395556.0,1730,505
MAGMA,992528.0,1601,609
ROOST,608008.0,3047,1051
WOMAN,70613606.0,2811,714
THONG,7747699.0,2752,759
PUNCH,6872844.0,2266,750
PASTY,231237.0,3161,1028
DOWNY,288639.0,2337,962
KNEAD,235592.0,3381,564
WHIRL,622629.0,2864,797
RAPID,19070672.0,3300,742
CLANG,187651.0,3049,927
ANGER,7991036.0,3985,824
DRIVE,107799371.0,3342,1111
GOOFY,1187234.0,1716,1036
EMAIL,443949646.0,3907,729
MUSIC,414028837.0,2595,561
STUFF,81444510.0,2092,668
BLEEP,397961.0,2591,924
RIDER,8987802.0,3190,911
MECCA,1298392.0,2996,617
FOLIO,1842202.0,2368,742
SETUP,23534848.0,3458,855
VERSO,788583.0,3700,676
QUASH,204823.0,2525,822
FAUNA,2298940.0,2243,849
GUMMY,281705.0,1516,793
HAPPY,63471922.0,2151,844
NEWLY,21102330.0,3137,830
FUSSY,435961.0,1787,935
RELIC,947341.0,3988,647
GUAVA,259541.0,1903,714
RATTY,148678.0,3025,1023
FUDGE,1969555.0,2628,893
FEMUR,446209.0,3138,731
CHIRP,240510.0,2794,814
FORTE,1795408.0,3838,1138
ALIBI,448710.0,2641,641
WHINE,832743.0,3054,1096
PETTY,3195594.0,2748,996
GOLLY,329846.0,2203,1032
PLAIT,103227.0,3455,1058
FLECK,454043.0,2860,775
FELON,392714.0,3501,750
GOURD,502106.0,2819,827
BROWN,64112042.0,2697,838
THRUM,28106.0,2795,580
FICUS,278867.0,2508,510
STASH,1553737.0,2759,1056
DECRY,203238.0,3419,922
WISER,841127.0,3659,893
JUNTA,629394.0,2770,544
VISOR,1850201.0,3140,668
DAUNT,38855.0,3136,1015
SCREE,148396.0,3270,1308
IMPEL,86447.0,3297,602
AWAIT,1745587.0,2568,901
PRESS,179652730.0,3160,792
WHOSE,43634263.0,3232,1062
TURBO,10058686.0,3125,579
STOOP,360440.0,2515,873
SPEAK,31324712.0,3448,878
MANGY,55682.0,2598,988
EYING,31044.0,3207,583
INLET,3433125.0,3918,804
CRONE,229759.0,3928,1312
PULSE,18893735.0,3445,1031
MOSSY,470059.0,2161,1001
STAID,194345.0,3435,1024
HENCE,14992334.0,2665,1019
PINCH,2082769.0,2470,766
TEDDY,5602073.0,2776,898
SULLY,458846.0,2274,1188
SNORE,294125.0,4121,1267
RIPEN,191197.0,3735,811
SNOWY,1631719.0,2612,1084
ATTIC,3347389.0,2849,517
GOING,155284081.0,2306,883
LEACH,1516929.0,3783,921
MOUTH,22880351.0,2651,827
HOUND,2228633.0,2572,813
CLUMP,345355.0,2338,687
TONAL,707113.0,3746,882
BIGOT,258267.0,2742,826
PERIL,1258951.0,3878,858
PIECE,44298807.0,2740,1091
BLAME,8170544.0,3517,1169
HAUTE,1863024.0,3787,1099
SPIED,294373.0,3326,1128
UNDID,126166.0,2102,471
INTRO,11938092.0,3622,440
BASAL,1821739.0,2639,874
SHINE,5881862.0,3528,1379
GECKO,1230211.0,2978,525
RODEO,3587192.0,3273,835
GUARD,21137924.0,3041,874
STEER,2159937.0,3524,1149
LOAMY,138014.0,3184,1104
SCAMP,810996.0,2799,835
SCRAM,139774.0,3331,772
MANLY,1260481.0,3004,1074
HELLO,32960381.0,3086,642
VAUNT,17134.0,2895,947
ORGAN,9077449.0,3508,667
FERAL,897865.0,4047,856
KNOCK,5196013.0,2011,613
EXTRA,59377307.0,3868,410
CONDO,6444848.0,2194,741
ADAPT,4675567.0,2462,769
WILLY,2273954.0,2004,921
POLKA,1242601.0,3019,650
RAYON,934490.0,3622,700
SKIRT,9981485.0,3174,1044
FAITH,35936559.0,2990,981
TORSO,1769562.0,3047,820
MATCH,53532481.0,2882,809
MERCY,6831149.0,3342,1025
TEPID,220695.0,3387,723
SLEEK,2734565.0,2824,1173
RISER,969986.0,3465,916
TWIXT,73594.0,1630,715
PEACE,47856201.0,3045,1260
FLUSH,5625285.0,2466,808
CATTY,107679.0,2603,1116
LOGIN,144200144.0,3022,721
EJECT,935010.0,2461,654
ROGER,15353411.0,3190,981
RIVAL,4298220.0,3410,672
UNTIE,146576.0,3668,811
REFIT,197564.0,3755,782
AORTA,641057.0,3354,784
ADULT,97583096.0,3279,740
JUDGE,30905832.0,2426,778
ROWER,239796.0,3074,940
ARTSY,333481.0,3693,1053
RURAL,30998929.0,3054,770
SHAVE,2580057.0,3412,1282
BOBBY,8964342.0,1457,896
ECLAT,123738.0,4125,639
FELLA,639391.0,3150,713
GAILY,131276.0,3095,1211
HARRY,33867934.0,2683,1050
HASTY,700024.0,3183,956
HYDRO,3725464.0,2854,374
LIEGE,598284.0,2926,963
OCTAL,557500.0,3648,509
OMBRE,243069.0,3476,707
PAYER,1439009.0,3891,1004
SOOTH,141125.0,2537,1163
UNSET,1035406.0,3666,771
UNLIT,94251.0,3154,643
VOMIT,767124.0,2620,794
FANNY,1516099.0,2201,1122
